{"cameraMode":{"drawMode":0,"name":"Shaded","section":"Shading Mode"},"sceneLighting":false,"audioPlay":false,"sceneViewState":{"showFog":false,"showMaterialUpdate":false,"showSkybox":false,"showFlares":true,"showImageEffects":true,"showParticleSystems":true},"in2DMode":false,"pivot":{"x":0.04942568391561508,"y":0.26253020763397219,"z":0.0234375},"rotation":{"x":0.07610645145177841,"y":-0.506472647190094,"z":0.044940318912267688,"w":0.8577149510383606},"size":0.5240750908851624,"orthographic":true}