{"cameraMode":{"drawMode":0,"name":"Shaded","section":"Shading Mode"},"sceneLighting":false,"audioPlay":false,"sceneViewState":{"showFog":false,"showMaterialUpdate":false,"showSkybox":false,"showFlares":true,"showImageEffects":true,"showParticleSystems":true},"in2DMode":false,"pivot":{"x":-2.5601370334625246,"y":0.8175822496414185,"z":23.67831802368164},"rotation":{"x":0.03783806785941124,"y":0.951652467250824,"z":-0.2772456705570221,"w":0.12939199805259705},"size":1.3462536334991456,"orthographic":true}