{"cameraMode":{"drawMode":0,"name":"Shaded","section":"Shading Mode"},"sceneLighting":false,"audioPlay":false,"sceneViewState":{"showFog":false,"showMaterialUpdate":false,"showSkybox":true,"showFlares":true,"showImageEffects":true,"showParticleSystems":true},"in2DMode":false,"pivot":{"x":7.021609783172607,"y":0.8710022568702698,"z":13.561842918395996},"rotation":{"x":-0.17550446093082429,"y":0.8238873481750488,"z":-0.3589536249637604,"w":-0.4021558463573456},"size":9.615083694458008,"orthographic":true}