{"cameraMode":{"drawMode":0,"name":"Shaded","section":"Shading Mode"},"sceneLighting":false,"audioPlay":false,"sceneViewState":{"showFog":false,"showMaterialUpdate":false,"showSkybox":false,"showFlares":true,"showImageEffects":true,"showParticleSystems":true},"in2DMode":false,"pivot":{"x":-0.219757080078125,"y":1.5557560920715333,"z":0.1945115625858307},"rotation":{"x":0.009916413575410843,"y":0.9896263480186462,"z":-0.11632486432790756,"w":0.08513028174638748},"size":1.007839322090149,"orthographic":true}