{"cameraMode":{"drawMode":0,"name":"Shaded","section":"Shading Mode"},"sceneLighting":true,"audioPlay":false,"sceneViewState":{"showFog":false,"showMaterialUpdate":false,"showSkybox":true,"showFlares":true,"showImageEffects":true,"showParticleSystems":true},"in2DMode":false,"pivot":{"x":0.3769489824771881,"y":1.509339690208435,"z":1.2874493598937989},"rotation":{"x":-0.12716376781463624,"y":0.6589596271514893,"z":-0.11441150307655335,"w":-0.7325077652931213},"size":2.9167373180389406,"orthographic":true}