{"cameraMode":{"drawMode":0,"name":"Shaded","section":"Shading Mode"},"sceneLighting":false,"audioPlay":false,"sceneViewState":{"showFog":false,"showMaterialUpdate":false,"showSkybox":false,"showFlares":true,"showImageEffects":true,"showParticleSystems":true},"in2DMode":false,"pivot":{"x":-0.219757080078125,"y":1.5557560920715333,"z":0.1945115625858307},"rotation":{"x":-0.02735394984483719,"y":0.9715664386749268,"z":-0.13937601447105409,"w":-0.19006359577178956},"size":2.1259946823120119,"orthographic":true}