{"cameraMode":{"drawMode":0,"name":"Shaded","section":"Shading Mode"},"sceneLighting":false,"audioPlay":false,"sceneViewState":{"showFog":false,"showMaterialUpdate":false,"showSkybox":true,"showFlares":true,"showImageEffects":true,"showParticleSystems":true},"in2DMode":false,"pivot":{"x":-66.14482879638672,"y":17.783119201660158,"z":39.402809143066409},"rotation":{"x":0.0874098613858223,"y":0.642467200756073,"z":-0.07212097942829132,"w":0.758580207824707},"size":23.257064819335939,"orthographic":true}