{"cameraMode":{"drawMode":0,"name":"Shaded","section":"Shading Mode"},"sceneLighting":true,"audioPlay":false,"sceneViewState":{"showFog":false,"showMaterialUpdate":false,"showSkybox":true,"showFlares":true,"showImageEffects":true,"showParticleSystems":true},"in2DMode":false,"pivot":{"x":1.7399907112121583,"y":0.8166151642799377,"z":13.371915817260743},"rotation":{"x":-0.0102465208619833,"y":-0.9880293011665344,"z":0.1342002898454666,"w":-0.07543767988681793},"size":2.6188676357269289,"orthographic":true}