{"cameraMode":{"drawMode":0,"name":"Shaded","section":"Shading Mode"},"sceneLighting":false,"audioPlay":false,"sceneViewState":{"showFog":false,"showMaterialUpdate":false,"showSkybox":true,"showFlares":true,"showImageEffects":true,"showParticleSystems":true},"in2DMode":false,"pivot":{"x":-15.733707427978516,"y":1.7975817918777466,"z":-2.181218385696411},"rotation":{"x":0.09200363606214524,"y":0.7156124114990234,"z":-0.09540592133998871,"w":0.6861706972122192},"size":2.1102187633514406,"orthographic":true}