{"cameraMode":{"drawMode":0,"name":"Shaded","section":"Shading Mode"},"sceneLighting":false,"audioPlay":false,"sceneViewState":{"showFog":false,"showMaterialUpdate":false,"showSkybox":false,"showFlares":true,"showImageEffects":true,"showParticleSystems":true},"in2DMode":false,"pivot":{"x":0.569599986076355,"y":0.7509939670562744,"z":-0.02060002088546753},"rotation":{"x":0.17878933250904084,"y":-0.2393546998500824,"z":0.04488982632756233,"w":0.9532794952392578},"size":1.7262834310531617,"orthographic":true}