{"cameraMode":{"drawMode":0,"name":"Shaded","section":"Shading Mode"},"sceneLighting":false,"audioPlay":false,"sceneViewState":{"showFog":false,"showMaterialUpdate":false,"showSkybox":false,"showFlares":true,"showImageEffects":true,"showParticleSystems":true},"in2DMode":false,"pivot":{"x":-1.862645149230957e-9,"y":0.0,"z":1.4901161193847657e-7},"rotation":{"x":0.09281550347805023,"y":-0.8644724488258362,"z":0.17344151437282563,"w":0.46265509724617007},"size":0.168311208486557,"orthographic":true}