{"cameraMode":{"drawMode":0,"name":"Shaded","section":"Shading Mode"},"sceneLighting":true,"audioPlay":false,"sceneViewState":{"showFog":false,"showMaterialUpdate":false,"showSkybox":true,"showFlares":true,"showImageEffects":true,"showParticleSystems":true},"in2DMode":false,"pivot":{"x":0.050778720527887347,"y":0.7819967269897461,"z":0.3440016508102417},"rotation":{"x":0.10694791376590729,"y":0.6834300756454468,"z":-0.10224379599094391,"w":0.7148966193199158},"size":2.1504669189453127,"orthographic":true}