{"cameraMode":{"drawMode":0,"name":"Shaded","section":"Shading Mode"},"sceneLighting":true,"audioPlay":false,"sceneViewState":{"showFog":false,"showMaterialUpdate":false,"showSkybox":true,"showFlares":true,"showImageEffects":true,"showParticleSystems":true},"in2DMode":false,"pivot":{"x":1.8513188362121583,"y":1.213587760925293,"z":12.879728317260743},"rotation":{"x":0.039068154990673068,"y":-0.9439104199409485,"z":0.12100481986999512,"w":0.3047519028186798},"size":2.1723597049713136,"orthographic":true}