{"cameraMode":{"drawMode":0,"name":"Shaded","section":"Shading Mode"},"sceneLighting":false,"audioPlay":false,"sceneViewState":{"showFog":false,"showMaterialUpdate":false,"showSkybox":true,"showFlares":true,"showImageEffects":true,"showParticleSystems":true},"in2DMode":false,"pivot":{"x":-11.96342658996582,"y":-9.449590682983399,"z":11.425752639770508},"rotation":{"x":-0.35841450095176699,"y":-0.30498847365379336,"z":0.12536606192588807,"w":-0.8736176490783691},"size":18.819578170776368,"orthographic":true}